{
    "10": {
        "proving_time": 29.417929887771606,
        "verification_time": 17.24066710472107
    }
}